{
  "params": {
    "m": 1.0,
    "c": 0.8,
    "k": 4.0
  },
  "x0": [
    1.0,
    0.0
  ],
  "t_span": [
    0.0,
    10.0
  ],
  "dt": 0.002,
  "poles": [
    "(-2.5+2.5j)",
    "(-2.5-2.5j)"
  ],
  "K_pp": [
    [
      8.499999999999998,
      4.199999999999999
    ]
  ],
  "Q": [
    [
      30.0,
      0.0
    ],
    [
      0.0,
      4.0
    ]
  ],
  "R": [
    [
      1.0
    ]
  ],
  "K_lqr": [
    [
      2.7823299831252672,
      2.3944733472437245
    ]
  ],
  "metrics_pp": {
    "peak|x1|": 1.0,
    "peak|x2|": 1.6119844541018091,
    "settle_x1": 1.688,
    "settle_x2": 3.35,
    "energy_int_u2": 8.025297498859137,
    "peak|u|": 8.499999999999998
  },
  "metrics_lqr": {
    "peak|x1|": 1.0,
    "peak|x2|": 1.2841776821073076,
    "settle_x1": 2.2920000000000003,
    "settle_x2": 4.41,
    "energy_int_u2": 2.459111892399134,
    "peak|u|": 2.7823299831252672
  },
  "fig_states": "day19_states_20260119_152155.png",
  "fig_control": "day19_control_20260119_152155.png"
}